"REC_NO","OBJECT","REGION","ID","DESCR","DATE","UT","JD","LONG_1","LONG_2","LONG_3","LONG_SYST","ERR_LONG","SYSTEM","PHASE","LAT","ERR_LAT","INFO","MEAS","CHANNEL"
1,"WC1_SPOT","L1","Test","NH3 Enhancement","2022/07/30","07:29.6",2459790.81222,5.0,65.8,340.9,5.0,,1,+10.4,+1.5,,"","","colo"
2,"WC1_SPOT","L1","Test","NH3 Enhancement","2022/07/30","07:29.6",2459790.81222,331.0,31.8,306.9,331.0,,1,+10.4,+4.5,,"","","colo"
3,"WC1_SPOT","L1","Test","NH3 Enhancement","2022/07/30","07:29.6",2459790.81222,353.0,53.8,328.9,353.0,,1,+10.4,+4.5,,"","","colo"
4,"DC1_SPOT","L2","Test","CH4 Deep Cloud","2022/07/30","07:29.6",2459790.81222,337.0,37.8,312.9,337.0,,1,+10.4,+5.0,,"","","colo"
5,"DC1_SPOT","L1","Test","CH4 Deep Cloud","2022/07/30","07:29.6",2459790.81222,354.0,54.8,329.9,354.0,,1,+10.4,+5.5,,"","","colo"
6,"WC1_SPOT","L1","Test","NH3 Enhancement","2022/07/30","07:29.6",2459790.81222,297.0,357.8,272.9,297.0,,1,+10.4,+5.5,,"","","colo"
7,"DC1_SPOT","L1","Test","CH4 Deep Cloud","2022/07/30","07:29.6",2459790.81222,346.0,46.8,321.9,346.0,,1,+10.4,+6.5,,"","","colo"
8,"DC1_SPOT","L1","Test","CH4 Deep Cloud","2022/07/30","07:29.6",2459790.81222,302.0,2.8,277.9,302.0,,1,+10.4,+7.5,,"","","colo"
9,"DC1_SPOT","K2","Test","CH4 Deep Cloud","2022/07/30","07:29.6",2459790.81222,4.0,64.8,339.9,4.0,,1,+10.4,+7.5,,"","","colo"
10,"DC1_SPOT","L1","Test","CH4 Deep Cloud","2022/07/30","07:29.6",2459790.81222,324.0,24.8,299.9,324.0,,1,+10.4,+9.0,,"","","colo"
11,"WC1_SPOT","L1","Test","NH3 Enhancement","2022/08/10","10:13.0",2459801.92569,34.0,10.0,288.0,34.0,,1,+9.1,+3.5,,"","","colo"
12,"DC1_SPOT","L1","Test","CH4 Deep Cloud","2022/08/10","10:13.0",2459801.92569,42.0,18.0,296.0,42.0,,1,+9.1,+7.5,,"","","colo"
13,"DC1_SPOT","L2","Test","CH4 Deep Cloud","2022/08/10","10:13.0",2459801.92569,351.0,327.0,245.0,351.0,,1,+9.1,+8.5,,"","","colo"
14,"WC1_SPOT","K2","Test","NH3 Enhancement","2022/08/12","10:25.5",2459803.93438,328.0,288.7,207.2,328.0,,1,+8.8,+3.5,,"","","colo"
15,"DC1_SPOT","L1","Test","CH4 Deep Cloud","2022/08/12","10:25.5",2459803.93438,339.0,299.7,218.2,339.0,,1,+8.8,+6.5,,"","","colo"
16,"WC1_SPOT","K2","Test","NH3 Enhancement","2022/08/18","07:33.6",2459809.81500,125.0,40.8,320.9,125.0,,1,+7.9,+2.5,,"","","colo"
17,"DC1_SPOT","L2","Test","CH4 Deep Cloud","2022/08/18","07:33.6",2459809.81500,88.0,3.8,283.9,88.0,,1,+7.9,+8.5,,"","","colo"
18,"WC1_SPOT","K2","Test","NH3 Enhancement","2022/08/28","06:08.2",2459819.75569,175.0,15.0,297.7,175.0,,1,+6.2,+2.5,,"","","colo"
19,"WC1_SPOT","L1","Test","NH3 Enhancement","2022/08/28","06:08.2",2459819.75569,201.0,41.0,323.7,201.0,,1,+6.2,+2.5,,"","","colo"
20,"DC1_SPOT","L1","Test","CH4 Deep Cloud","2022/08/28","06:08.2",2459819.75569,180.0,20.0,302.7,180.0,,1,+6.2,+4.0,,"","","colo"
21,"DC1_SPOT","L1","Test","CH4 Deep Cloud","2022/08/28","06:08.2",2459819.75569,200.0,40.0,322.7,200.0,,1,+6.2,+7.5,,"","","colo"
22,"WC1_SPOT","L1","Test","NH3 Enhancement","2022/08/30","05:59.1",2459821.74938,156.0,340.8,264.0,156.0,,1,+5.9,+2.5,,"","","colo"
23,"WC1_SPOT","L1","Test","NH3 Enhancement","2022/08/30","05:59.1",2459821.74938,122.0,306.8,230.0,122.0,,1,+5.9,+5.0,,"","","colo"
24,"DC1_SPOT","L1","Test","CH4 Deep Cloud","2022/08/30","05:59.1",2459821.74938,127.0,311.8,235.0,127.0,,1,+5.9,+8.0,,"","","colo"
25,"DC1_SPOT","L2","Test","CH4 Deep Cloud","2022/08/30","05:59.1",2459821.74938,148.0,332.8,256.0,148.0,,1,+5.9,+9.5,,"","","colo"
26,"WC1_SPOT","K2","Test","NH3 Enhancement","2022/09/01","06:04.9",2459823.75340,75.0,244.5,168.3,75.0,,1,+5.5,+3.0,,"","","colo"
27,"WC1_SPOT","K2","Test","NH3 Enhancement","2022/09/01","06:04.9",2459823.75340,115.0,284.5,208.3,115.0,,1,+5.5,+3.5,,"","","colo"
28,"DC1_SPOT","L1","Test","CH4 Deep Cloud","2022/09/01","06:04.9",2459823.75340,80.0,249.5,173.3,80.0,,1,+5.5,+7.5,,"","","colo"
29,"DC1_SPOT","L2","Test","CH4 Deep Cloud","2022/09/01","06:04.9",2459823.75340,124.0,293.5,217.3,124.0,,1,+5.5,+9.5,,"","","colo"
30,"WC1_SPOT","K2","Test","NH3 Enhancement","2022/09/04","06:38.2",2459826.77653,222.0,8.4,293.0,222.0,,1,+4.9,+2.5,,"","","colo"
31,"WC1_SPOT","L1","Test","NH3 Enhancement","2022/09/04","06:38.2",2459826.77653,245.0,31.4,316.0,245.0,,1,+4.9,+2.5,,"","","colo"
32,"DC1_SPOT","L1","Test","CH4 Deep Cloud","2022/09/04","06:38.2",2459826.77653,222.0,8.4,293.0,222.0,,1,+4.9,+6.5,,"","","colo"
33,"DC1_SPOT","L1","Test","CH4 Deep Cloud","2022/09/04","06:38.2",2459826.77653,246.0,32.4,317.0,246.0,,1,+4.9,+7.5,,"","","colo"
34,"WC1_SPOT","K2","Test","NH3 Enhancement","2022/09/05","05:59.1",2459827.74938,345.0,124.0,48.8,345.0,,1,+4.7,+2.5,,"","","colo"
35,"WC1_SPOT","L1","Test","NH3 Enhancement","2022/09/05","05:59.1",2459827.74938,20.0,159.0,83.8,20.0,,1,+4.7,+2.5,,"","","colo"
36,"WC1_SPOT","L1","Test","NH3 Enhancement","2022/09/05","05:59.1",2459827.74938,4.0,143.0,67.8,4.0,,1,+4.7,+5.0,,"","","colo"
37,"DC1_SPOT","L1","Test","CH4 Deep Cloud","2022/09/05","05:59.1",2459827.74938,21.0,160.0,84.8,21.0,,1,+4.7,+6.5,,"","","colo"
38,"DC1_SPOT","L1","Test","CH4 Deep Cloud","2022/09/05","05:59.1",2459827.74938,3.0,142.0,66.8,3.0,,1,+4.7,+7.5,,"","","colo"
39,"WC1_SPOT","L1","Test","NH3 Enhancement","2022/09/12","05:33.4",2459834.73153,52.0,137.7,64.4,52.0,,1,+3.2,+3.5,,"","","colo"
40,"WC1_SPOT","L1","Test","NH3 Enhancement","2022/09/12","05:33.4",2459834.73153,11.0,96.7,23.4,11.0,,1,+3.2,+4.5,,"","","colo"
41,"WC1_SPOT","L1","Test","NH3 Enhancement","2022/09/12","05:33.4",2459834.73153,352.0,77.7,4.4,352.0,,1,+3.2,+5.0,,"","","colo"
42,"DC1_SPOT","L2","Test","CH4 Deep Cloud","2022/09/12","05:33.4",2459834.73153,14.0,99.7,26.4,14.0,,1,+3.2,+8.5,,"","","colo"
43,"WC1_SPOT","L1","Test","NH3 Enhancement","2022/09/13","04:57.4",2459835.70653,170.0,248.3,175.3,170.0,,1,+3.0,+2.5,,"","","colo"
44,"DC1_SPOT","L1","Test","CH4 Deep Cloud","2022/09/13","04:57.4",2459835.70653,171.0,249.3,176.3,171.0,,1,+3.0,+7.5,,"","","colo"
45,"DC1_SPOT","L2","Test","CH4 Deep Cloud","2022/09/13","04:57.4",2459835.70653,134.0,212.3,139.3,134.0,,1,+3.0,+8.5,,"","","colo"
46,"WC1_SPOT","L1","Test","NH3 Enhancement","2022/09/19","03:52.3",2459841.66132,8.0,40.8,329.4,8.0,,1,+1.7,+4.0,,"","","colo"
47,"WC1_SPOT","L1","Test","NH3 Enhancement","2022/09/19","03:52.3",2459841.66132,338.0,10.8,299.4,338.0,,1,+1.7,+4.5,,"","","colo"
48,"WC1_SPOT","K2","Test","NH3 Enhancement","2022/09/19","03:52.3",2459841.66132,311.0,343.8,272.4,311.0,,1,+1.7,+4.5,,"","","colo"
49,"DC1_SPOT","L1","Test","CH4 Deep Cloud","2022/09/19","03:52.3",2459841.66132,342.0,14.8,303.4,342.0,,1,+1.7,+5.5,,"","","colo"
50,"DC1_SPOT","L1","Test","CH4 Deep Cloud","2022/09/19","03:52.3",2459841.66132,357.0,29.8,318.4,357.0,,1,+1.7,+5.5,,"","","colo"
51,"DC1_SPOT","L1","Test","CH4 Deep Cloud","2022/09/19","03:52.3",2459841.66132,314.0,346.8,275.4,314.0,,1,+1.7,+5.5,,"","","colo"
52,"DC1_SPOT","L1","Test","CH4 Deep Cloud","2022/09/19","03:52.3",2459841.66132,15.0,47.8,336.4,15.0,,1,+1.7,+8.0,,"","","colo"
53,"WC1_SPOT","L1","Test","NH3 Enhancement","2022/09/19","04:53.4",2459841.70375,14.0,46.5,335.1,14.0,,1,+1.7,+4.0,,"","","colo"
54,"DC1_SPOT","L1","Test","CH4 Deep Cloud","2022/09/19","04:53.4",2459841.70375,19.0,51.5,340.1,19.0,,1,+1.7,+4.0,,"","","colo"
55,"WC1_SPOT","L1","Test","NH3 Enhancement","2022/09/25","06:15.6",2459847.76083,288.0,274.3,204.5,288.0,,1,+0.3,+2.5,,"","","colo"
56,"WC1_SPOT","L1","Test","NH3 Enhancement","2022/09/25","06:15.6",2459847.76083,305.0,291.3,221.5,305.0,,1,+0.3,+5.5,,"","","colo"
57,"DC1_SPOT","L1","Test","CH4 Deep Cloud","2022/09/25","06:15.6",2459847.76083,282.0,268.3,198.5,282.0,,1,+0.3,+7.5,,"","","colo"
58,"DC1_SPOT","L1","Test","CH4 Deep Cloud","2022/09/25","06:15.6",2459847.76083,301.0,287.3,217.5,301.0,,1,+0.3,+7.5,,"","","colo"
59,"WC1_SPOT","K2","Test","NH3 Enhancement","2022/10/09","04:01.5",2459861.66771,251.0,131.2,65.1,251.0,,1,-2.8,+2.5,,"","","colo"
60,"WC1_SPOT","K2","Test","NH3 Enhancement","2022/10/09","04:01.5",2459861.66771,277.0,157.2,91.1,277.0,,1,-2.8,+3.5,,"","","colo"
61,"DC1_SPOT","L1","Test","CH4 Deep Cloud","2022/10/09","04:01.5",2459861.66771,274.0,154.2,88.1,274.0,,1,-2.8,+7.5,,"","","colo"
62,"WC1_SPOT","K2","Test","NH3 Enhancement","2022/10/09","05:24.5",2459861.72535,320.0,199.8,133.6,320.0,,1,-2.8,+4.5,,"","","colo"
63,"WC1_SPOT","K1","Test","NH3 Enhancement","2022/10/13","03:45.5",2459865.65660,175.0,24.8,319.7,175.0,,1,-3.6,+4.0,,"","","colo"
64,"DC1_SPOT","L1","Test","CH4 Deep Cloud","2022/10/13","03:45.5",2459865.65660,177.0,26.8,321.7,177.0,,1,-3.6,+8.0,,"","","colo"
65,"DC1_SPOT","L2","Test","CH4 Deep Cloud","2022/10/13","03:45.5",2459865.65660,166.0,15.8,310.7,166.0,,1,-3.6,+9.0,,"","","colo"
66,"DC1_SPOT","L2","Test","CH4 Deep Cloud","2022/10/13","03:45.5",2459865.65660,136.0,345.8,280.7,136.0,,1,-3.6,+9.0,,"","","colo"
67,"DC1_SPOT","K2","Test","CH4 Deep Cloud","2022/10/19","03:42.4",2459871.65444,22.0,186.0,122.5,22.0,,1,-4.9,+3.5,,"Check Quality","","colo"
68,"WC1_SPOT","L1","Test","NH3 Enhancement","2022/10/19","03:42.4",2459871.65444,22.0,186.0,122.5,22.0,,1,-4.9,+4.0,,"Check Quality","","colo"
69,"WC1_SPOT","L1","Test","NH3 Enhancement","2022/10/19","03:42.4",2459871.65444,42.0,206.0,142.5,42.0,,1,-4.9,+4.5,,"Check Quality","","colo"
70,"DC1_SPOT","L1","Test","CH4 Deep Cloud","2022/10/19","03:42.4",2459871.65444,42.0,206.0,142.5,42.0,,1,-4.9,+6.5,,"Check Quality","","colo"
71,"WC1_SPOT","L1","Test","NH3 Enhancement","2022/10/20","04:20.4",2459872.68083,220.0,16.2,313.0,220.0,,1,-5.1,+2.5,,"","","colo"
72,"WC1_SPOT","K2","Test","NH3 Enhancement","2022/10/20","04:20.4",2459872.68083,255.0,51.2,348.0,255.0,,1,-5.1,+3.0,,"","","colo"
73,"DC1_SPOT","L1","Test","CH4 Deep Cloud","2022/10/20","04:20.4",2459872.68083,238.0,34.2,331.0,238.0,,1,-5.1,+6.0,,"","","colo"
74,"DC1_SPOT","L1","Test","CH4 Deep Cloud","2022/10/20","04:20.4",2459872.68083,222.0,18.2,315.0,222.0,,1,-5.1,+7.5,,"","","colo"
75,"WC1_SPOT","K2","Test","NH3 Enhancement","2022/10/21","03:58.6",2459873.66569,18.0,166.7,103.7,18.0,,1,-5.3,+3.5,,"Check Quality","","colo"
76,"WC1_SPOT","L1","Test","NH3 Enhancement","2022/10/21","03:58.6",2459873.66569,5.0,153.7,90.7,5.0,,1,-5.3,+5.5,,"Check Quality","","colo"
77,"WC1_SPOT","L1","Test","NH3 Enhancement","2022/10/21","03:58.6",2459873.66569,348.0,136.7,73.7,348.0,,1,-5.3,+7.0,,"Check Quality","","colo"
78,"DC1_SPOT","L1","Test","CH4 Deep Cloud","2022/10/21","03:58.6",2459873.66569,6.0,154.7,91.7,6.0,,1,-5.3,+7.5,,"Check Quality","","colo"
79,"DC1_SPOT","L2","Test","CH4 Deep Cloud","2022/10/21","03:58.6",2459873.66569,342.0,130.7,67.7,342.0,,1,-5.3,+8.5,,"Check Quality","","colo"
80,"WC1_SPOT","K2","Test","NH3 Enhancement","2023/01/13","00:46.2",2459957.53208,180.0,48.8,8.2,180.0,,1,-10.8,+1.5,,"Check Quality","","colo"
81,"WC1_SPOT","L1","Test","NH3 Enhancement","2023/01/13","00:46.2",2459957.53208,196.0,64.8,24.2,196.0,,1,-10.8,+2.0,,"Check Quality","","colo"
82,"WC1_SPOT","K2","Test","NH3 Enhancement","2023/01/13","00:46.2",2459957.53208,157.0,25.8,345.2,157.0,,1,-10.8,+2.5,,"Check Quality","","colo"
83,"DC1_SPOT","L1","Test","CH4 Deep Cloud","2023/01/13","00:46.2",2459957.53208,195.0,63.8,23.2,195.0,,1,-10.8,+6.5,,"Check Quality","","colo"
84,"DC1_SPOT","L2","Test","CH4 Deep Cloud","2023/01/13","00:46.2",2459957.53208,169.0,37.8,357.2,169.0,,1,-10.8,+8.5,,"Check Quality","","colo"
85,"DC1_SPOT","K2","Test","CH4 Deep Cloud","2023/08/15","11:12.8",2460171.96722,127.0,159.6,176.1,127.0,,1,+11.7,+1.5,,"Check Quality","","colo"
86,"DC1_SPOT","K2","Test","CH4 Deep Cloud","2023/08/15","11:12.8",2460171.96722,97.0,129.6,146.1,97.0,,1,+11.7,+2.0,,"Check Quality","","colo"
87,"DC1_SPOT","K2","Test","CH4 Deep Cloud","2023/08/15","11:12.8",2460171.96722,137.0,169.6,186.1,137.0,,1,+11.7,+2.0,,"Check Quality","","colo"
88,"WC1_SPOT","L1","Test","NH3 Enhancement","2023/08/15","11:12.8",2460171.96722,97.0,129.6,146.1,97.0,,1,+11.7,+3.5,,"Check Quality","","colo"
89,"WC1_SPOT","L2","Test","NH3 Enhancement","2023/08/15","11:12.8",2460171.96722,138.0,170.6,187.1,138.0,,1,+11.7,+4.5,,"Check Quality","","colo"
90,"WC1_SPOT","L1","Test","NH3 Enhancement","2023/08/16","11:30.1",2460172.97924,251.0,275.9,292.6,251.0,,1,+11.7,+4.5,,"Check Quality","","colo"
91,"WC1_SPOT","L1","Test","NH3 Enhancement","2023/08/16","11:30.1",2460172.97924,272.0,296.9,313.6,272.0,,1,+11.7,+4.5,,"Check Quality","","colo"
92,"WC1_SPOT","L1","Test","NH3 Enhancement","2023/08/16","11:30.1",2460172.97924,294.0,318.9,335.6,294.0,,1,+11.7,+4.5,,"Check Quality","","colo"
93,"DC1_SPOT","L1","Test","CH4 Deep Cloud","2023/08/16","11:30.1",2460172.97924,261.0,285.9,302.6,261.0,,1,+11.7,+7.0,,"Check Quality","","colo"
94,"DC1_SPOT","L1","Test","CH4 Deep Cloud","2023/08/16","11:30.1",2460172.97924,274.0,298.9,315.6,274.0,,1,+11.7,+7.0,,"Check Quality","","colo"
95,"WC1_SPOT","L1","Test","NH3 Enhancement","2023/08/17","11:21.6",2460173.97333,98.0,115.3,132.3,98.0,,1,+11.6,+4.5,,"Quality Check","","colo"
96,"WC1_SPOT","L1","Test","NH3 Enhancement","2023/08/17","11:21.6",2460173.97333,54.0,71.3,88.3,54.0,,1,+11.6,+5.5,,"Quality Check","","colo"
97,"WC1_SPOT","L1","Test","NH3 Enhancement","2023/08/17","11:21.6",2460173.97333,76.0,93.3,110.3,76.0,,1,+11.6,+6.5,,"Quality Check","","colo"
98,"DC1_SPOT","L1","Test","CH4 Deep Cloud","2023/08/17","11:21.6",2460173.97333,86.0,103.3,120.3,86.0,,1,+11.6,+6.5,,"Quality Check","","colo"
99,"DC1_SPOT","L2","Test","CH4 Deep Cloud","2023/08/17","11:21.6",2460173.97333,56.0,73.3,90.3,56.0,,1,+11.6,+7.5,,"Quality Check","","colo"
100,"DC1_SPOT","L1","Test","CH4 Deep Cloud","2023/08/17","11:21.6",2460173.97333,99.0,116.3,133.3,99.0,,1,+11.6,+7.5,,"Quality Check","","colo"
101,"DC1_SPOT","L1","Test","CH4 Deep Cloud","2023/08/17","11:21.6",2460173.97333,75.0,92.3,109.3,75.0,,1,+11.6,+8.5,,"Quality Check","","colo"
102,"WC1_SPOT","L1","Test","NH3 Enhancement","2023/08/18","11:37.1",2460174.98410,271.0,280.6,297.8,271.0,,1,+11.6,+4.5,,"","","colo"
103,"WC1_SPOT","L1","Test","NH3 Enhancement","2023/08/18","11:37.1",2460174.98410,210.0,219.6,236.8,210.0,,1,+11.6,+5.0,,"","","colo"
104,"WC1_SPOT","L1","Test","NH3 Enhancement","2023/08/18","11:37.1",2460174.98410,258.0,267.6,284.8,258.0,,1,+11.6,+5.5,,"","","colo"
105,"WC1_SPOT","L1","Test","NH3 Enhancement","2023/08/18","11:37.1",2460174.98410,227.0,236.6,253.8,227.0,,1,+11.6,+6.0,,"","","colo"
106,"DC1_SPOT","L1","Test","CH4 Deep Cloud","2023/08/18","11:37.1",2460174.98410,255.0,264.6,281.8,255.0,,1,+11.6,+7.5,,"","","colo"
107,"DC1_SPOT","L2","Test","CH4 Deep Cloud","2023/08/18","11:37.1",2460174.98410,272.0,281.6,298.8,272.0,,1,+11.6,+9.0,,"","","colo"
108,"DC1_SPOT","L1","Test","CH4 Deep Cloud","2023/08/18","11:37.1",2460174.98410,225.0,234.6,251.8,225.0,,1,+11.6,+9.5,,"","","colo"
109,"WC1_SPOT","L1","Test","NH3 Enhancement","2023/08/27","11:30.6",2460183.97958,206.0,147.0,166.6,206.0,,1,+11.1,+3.5,,"","","colo"
110,"WC1_SPOT","L2","Test","NH3 Enhancement","2023/08/27","11:30.6",2460183.97958,252.0,193.0,212.6,252.0,,1,+11.1,+4.5,,"","","colo"
111,"DC1_SPOT","L2","Test","CH4 Deep Cloud","2023/08/27","11:30.6",2460183.97958,253.0,194.0,213.6,253.0,,1,+11.1,+8.0,,"","","colo"
112,"DC1_SPOT","L2","Test","CH4 Deep Cloud","2023/08/27","11:30.6",2460183.97958,208.0,149.0,168.6,208.0,,1,+11.1,+8.5,,"","","colo"
113,"DC1_SPOT","L2","Test","CH4 Deep Cloud","2023/08/27","11:30.6",2460183.97958,223.0,164.0,183.6,223.0,,1,+11.1,+9.5,,"","","colo"
114,"DC1_SPOT","L2","Test","CH4 Deep Cloud","2023/08/27","11:30.6",2460183.97958,230.0,171.0,190.6,230.0,,1,+11.1,+9.5,,"","","colo"
115,"WC1_SPOT","K2","Test","NH3 Enhancement","2023/08/30","11:44.1",2460186.98896,356.0,274.0,294.4,356.0,,1,+10.9,+2.5,,"","","colo"
116,"WC1_SPOT","L2","Test","NH3 Enhancement","2023/08/30","11:44.1",2460186.98896,5.0,283.0,303.4,5.0,,1,+10.9,+2.5,,"","","colo"
117,"DC1_SPOT","L1","Test","CH4 Deep Cloud","2023/08/30","11:44.1",2460186.98896,4.0,282.0,302.4,4.0,,1,+10.9,+7.5,,"","","colo"
118,"WC1_SPOT","L1","Test","NH3 Enhancement","2023/08/31","11:30.7",2460187.97965,154.0,64.5,85.1,154.0,,1,+10.9,+2.5,,"","","colo"
119,"WC1_SPOT","K2","Test","NH3 Enhancement","2023/08/31","11:30.7",2460187.97965,121.0,31.5,52.1,121.0,,1,+10.9,+3.0,,"","","colo"
120,"WC1_SPOT","L2","Test","NH3 Enhancement","2023/08/31","11:30.7",2460187.97965,164.0,74.5,95.1,164.0,,1,+10.9,+4.0,,"","","colo"
121,"DC1_SPOT","L1","Test","CH4 Deep Cloud","2023/08/31","11:30.7",2460187.97965,128.0,38.5,59.1,128.0,,1,+10.9,+5.5,,"","","colo"
122,"WC1_SPOT","L1","Test","NH3 Enhancement","2023/08/31","11:53.7",2460187.99563,157.0,67.3,88.0,157.0,,1,+10.9,+2.5,,"","","colo"
123,"WC1_SPOT","L1","Test","NH3 Enhancement","2023/09/05","11:38.3",2460192.98493,222.0,94.3,116.3,222.0,,1,+10.4,+1.5,,"","","colo"
124,"WC1_SPOT","L1","Test","NH3 Enhancement","2023/09/05","11:38.3",2460192.98493,204.0,76.3,98.3,204.0,,1,+10.4,+2.5,,"","","colo"
125,"DC1_SPOT","L1","Test","CH4 Deep Cloud","2023/09/05","11:38.3",2460192.98493,209.0,81.3,103.3,209.0,,1,+10.4,+6.5,,"","","colo"
126,"DC1_SPOT","L1","Test","CH4 Deep Cloud","2023/09/05","11:38.3",2460192.98493,224.0,96.3,118.3,224.0,,1,+10.4,+7.5,,"","","colo"
127,"WC1_SPOT","L1","Test","NH3 Enhancement","2023/09/06","11:33.9",2460193.98188,8.0,232.7,254.9,8.0,1.5,1,+10.3,+2.0,,"","","colo"
128,"DC1_SPOT","K2","Test","CH4 Deep Cloud","2023/09/06","11:33.9",2460193.98188,12.0,236.7,258.9,12.0,3.0,1,+10.3,+2.0,,"","","colo"
129,"WC1_SPOT","L1","Test","NH3 Enhancement","2023/09/22","06:29.0",2460209.77014,168.0,272.2,298.7,168.0,,1,+8.4,+3.5,,"","","colo"
130,"WC1_SPOT","L1","Test","NH3 Enhancement","2023/09/22","06:29.0",2460209.77014,204.0,308.2,334.7,204.0,,1,+8.4,+4.5,,"","","colo"
131,"WC1_SPOT","K2","Test","NH3 Enhancement","2023/09/22","06:29.0",2460209.77014,221.0,325.2,351.7,221.0,,1,+8.4,+4.5,,"","","colo"
132,"DC1_SPOT","L2","Test","CH4 Deep Cloud","2023/09/22","06:29.0",2460209.77014,170.0,274.2,300.7,170.0,,1,+8.4,+7.0,,"","","colo"
133,"DC1_SPOT","L2","Test","CH4 Deep Cloud","2023/09/22","06:29.0",2460209.77014,205.0,309.2,335.7,205.0,,1,+8.4,+8.5,,"","","colo"
134,"WC1_SPOT","L1","Test","NH3 Enhancement","2023/09/24","11:48.8",2460211.99222,355.0,82.2,109.3,355.0,,1,+8.0,+3.0,,"","","colo"
135,"DC1_SPOT","L1","Test","CH4 Deep Cloud","2023/09/24","11:48.8",2460211.99222,355.0,82.2,109.3,355.0,,1,+8.0,+6.5,,"","","colo"
136,"WC1_SPOT","L1","Test","NH3 Enhancement","2023/09/29","05:32.2",2460216.73069,158.0,209.1,237.4,158.0,,1,+7.3,+2.5,,"","","colo"
137,"WC1_SPOT","K2","Test","NH3 Enhancement","2023/09/29","05:32.2",2460216.73069,201.0,252.1,280.4,201.0,,1,+7.3,+3.5,,"","","colo"
138,"WC1_SPOT","K2","Test","NH3 Enhancement","2023/09/29","05:32.2",2460216.73069,164.0,215.1,243.4,164.0,,1,+7.3,+4.5,,"","","colo"
139,"DC1_SPOT","L2","Test","CH4 Deep Cloud","2023/09/29","05:32.2",2460216.73069,166.0,217.1,245.4,166.0,,1,+7.3,+7.5,,"","","colo"
140,"DC1_SPOT","L1","Test","CH4 Deep Cloud","2023/09/29","05:32.2",2460216.73069,146.0,197.1,225.4,146.0,,1,+7.3,+8.5,,"","","colo"
141,"DC1_SPOT","L2","Test","CH4 Deep Cloud","2023/09/29","05:32.2",2460216.73069,187.0,238.1,266.4,187.0,,1,+7.3,+8.5,,"","","colo"
142,"WC1_SPOT","K2","Test","NH3 Enhancement","2023/10/05","05:49.9",2460222.74299,359.0,4.2,34.1,359.0,,1,+6.2,+3.5,,"","","colo"
143,"WC1_SPOT","K2","Test","NH3 Enhancement","2023/10/05","05:49.9",2460222.74299,21.0,26.2,56.1,21.0,,1,+6.2,+3.5,,"","","colo"
144,"WC1_SPOT","L1","Test","NH3 Enhancement","2023/10/05","05:49.9",2460222.74299,56.0,61.2,91.1,56.0,,1,+6.2,+3.5,,"","","colo"
145,"DC1_SPOT","L2","Test","CH4 Deep Cloud","2023/10/05","05:49.9",2460222.74299,359.0,4.2,34.1,359.0,,1,+6.2,+7.5,,"","","colo"
146,"DC1_SPOT","L2","Test","CH4 Deep Cloud","2023/10/05","05:49.9",2460222.74299,22.0,27.2,57.1,22.0,,1,+6.2,+8.5,,"","","colo"
147,"WC1_SPOT","L1","Test","NH3 Enhancement","2023/10/06","05:04.7",2460223.71160,175.0,172.8,203.0,175.0,,1,+6.0,+3.5,,"","","colo"
148,"WC1_SPOT","L1","Test","NH3 Enhancement","2023/10/06","05:04.7",2460223.71160,205.0,202.8,233.0,205.0,,1,+6.0,+3.5,,"","","colo"
149,"WC1_SPOT","K2","Test","NH3 Enhancement","2023/10/06","05:04.7",2460223.71160,161.0,158.8,189.0,161.0,,1,+6.0,+4.5,,"","","colo"
150,"DC1_SPOT","L1","Test","CH4 Deep Cloud","2023/10/06","05:04.7",2460223.71160,166.0,163.8,194.0,166.0,,1,+6.0,+6.5,,"","","colo"
151,"DC1_SPOT","L1","Test","CH4 Deep Cloud","2023/10/06","05:04.7",2460223.71160,200.0,197.8,228.0,200.0,,1,+6.0,+6.5,,"","","colo"
152,"DC1_SPOT","L1","Test","CH4 Deep Cloud","2023/10/06","05:04.7",2460223.71160,179.0,176.8,207.0,179.0,,1,+6.0,+7.5,,"","","colo"
153,"DC1_SPOT","L2","Test","CH4 Deep Cloud","2023/10/06","05:04.7",2460223.71160,190.0,187.8,218.0,190.0,,1,+6.0,+8.5,,"","","colo"
154,"WC1_SPOT","L1","Test","NH3 Enhancement","2023/10/06","05:35.6",2460223.73306,203.0,200.6,230.8,203.0,,1,+6.0,+4.5,,"","","colo"
155,"WC1_SPOT","L1","Test","NH3 Enhancement","2023/10/06","05:35.6",2460223.73306,225.0,222.6,252.8,225.0,,1,+6.0,+5.0,,"","","colo"
156,"DC1_SPOT","L2","Test","CH4 Deep Cloud","2023/10/06","05:35.6",2460223.73306,203.0,200.6,230.8,203.0,,1,+6.0,+6.5,,"","","colo"
157,"DC1_SPOT","L1","Test","CH4 Deep Cloud","2023/10/06","05:35.6",2460223.73306,191.0,188.6,218.8,191.0,,1,+6.0,+8.5,,"","","colo"
158,"DC1_SPOT","L2","Test","CH4 Deep Cloud","2023/10/06","05:35.6",2460223.73306,229.0,226.6,256.8,229.0,,1,+6.0,+8.5,,"","","colo"
159,"WC1_SPOT","K2","Test","NH3 Enhancement","2023/10/15","04:56.6",2460232.70597,132.0,61.2,93.7,132.0,,1,+4.2,+1.5,,"","","colo"
160,"WC1_SPOT","L1","Test","NH3 Enhancement","2023/10/15","04:56.6",2460232.70597,168.0,97.2,129.7,168.0,,1,+4.2,+3.5,,"","","colo"
161,"WC1_SPOT","K2","Test","NH3 Enhancement","2023/10/15","04:56.6",2460232.70597,189.0,118.2,150.7,189.0,,1,+4.2,+3.5,,"","","colo"
162,"DC1_SPOT","L2","Test","CH4 Deep Cloud","2023/10/15","04:56.6",2460232.70597,160.0,89.2,121.7,160.0,,1,+4.2,+8.5,,"","","colo"
163,"DC1_SPOT","L2","Test","CH4 Deep Cloud","2023/10/15","04:56.6",2460232.70597,130.0,59.2,91.7,130.0,,1,+4.2,+9.5,,"","","colo"
164,"DC1_SPOT","L2","Test","CH4 Deep Cloud","2023/10/15","04:56.6",2460232.70597,144.0,73.2,105.7,144.0,,1,+4.2,+9.5,,"","","colo"
165,"DC1_SPOT","L2","Test","CH4 Deep Cloud","2023/10/15","04:56.6",2460232.70597,173.0,102.2,134.7,173.0,,1,+4.2,+9.5,,"","","colo"
166,"DC1_SPOT","L1","Test","CH4 Deep Cloud","2023/10/15","04:56.6",2460232.70597,176.0,105.2,137.7,176.0,,1,+4.2,+9.5,,"","","colo"
167,"WC1_SPOT","K2","Test","NH3 Enhancement","2023/10/15","05:22.6",2460232.72403,163.0,92.0,124.6,163.0,,1,+4.2,+3.0,,"","","colo"
168,"WC1_SPOT","K2","Test","NH3 Enhancement","2023/10/15","05:22.6",2460232.72403,216.0,145.0,177.6,216.0,,1,+4.2,+3.5,,"","","colo"
169,"DC1_SPOT","L1","Test","CH4 Deep Cloud","2023/10/15","05:22.6",2460232.72403,160.0,89.0,121.6,160.0,,1,+4.2,+4.5,,"","","colo"
170,"WC1_SPOT","L1","Test","NH3 Enhancement","2023/10/15","05:22.6",2460232.72403,189.0,118.0,150.6,189.0,,1,+4.2,+4.5,,"","","colo"
171,"DC1_SPOT","L1","Test","CH4 Deep Cloud","2023/10/15","05:22.6",2460232.72403,146.0,75.0,107.6,146.0,,1,+4.2,+7.5,,"","","colo"
172,"DC1_SPOT","L1","Test","CH4 Deep Cloud","2023/10/15","05:22.6",2460232.72403,190.0,119.0,151.6,190.0,,1,+4.2,+7.5,,"","","colo"
173,"DC1_SPOT","L2","Test","CH4 Deep Cloud","2023/10/15","05:22.6",2460232.72403,187.0,116.0,148.6,187.0,,1,+4.2,+8.5,,"","","colo"
174,"WC1_SPOT","L1","Test","NH3 Enhancement","2023/10/17","05:05.7",2460234.71229,140.0,53.9,87.0,140.0,,1,+3.8,+1.5,,"","","colo"
175,"WC1_SPOT","K2","Test","NH3 Enhancement","2023/10/17","05:05.7",2460234.71229,156.0,69.9,103.0,156.0,,1,+3.8,+2.5,,"","","colo"
176,"WC1_SPOT","L1","Test","NH3 Enhancement","2023/10/17","05:05.7",2460234.71229,116.0,29.9,63.0,116.0,,1,+3.8,+4.5,,"","","colo"
177,"WC1_SPOT","L1","Test","NH3 Enhancement","2023/10/17","05:05.7",2460234.71229,80.0,353.9,27.0,80.0,,1,+3.8,+5.5,,"","","colo"
178,"DC1_SPOT","L1","Test","CH4 Deep Cloud","2023/10/17","05:05.7",2460234.71229,122.0,35.9,69.0,122.0,,1,+3.8,+6.5,,"","","colo"
179,"DC1_SPOT","L2","Test","CH4 Deep Cloud","2023/10/17","05:05.7",2460234.71229,89.0,2.9,36.0,89.0,,1,+3.8,+9.5,,"","","colo"
180,"DC1_SPOT","L2","Test","CH4 Deep Cloud","2023/10/17","05:05.7",2460234.71229,145.0,58.9,92.0,145.0,,1,+3.8,+9.5,,"","","colo"
181,"WC1_SPOT","L1","Test","NH3 Enhancement","2023/10/17","05:33.2",2460234.73139,118.0,31.7,64.8,118.0,,1,+3.8,+3.5,,"","","colo"
182,"WC1_SPOT","K2","Test","NH3 Enhancement","2023/10/17","05:33.2",2460234.73139,140.0,53.7,86.8,140.0,,1,+3.8,+3.5,,"","","colo"
183,"WC1_SPOT","K2","Test","NH3 Enhancement","2023/10/17","05:33.2",2460234.73139,161.0,74.7,107.8,161.0,,1,+3.8,+4.0,,"","","colo"
184,"DC1_SPOT","L1","Test","CH4 Deep Cloud","2023/10/17","05:33.2",2460234.73139,122.0,35.7,68.8,122.0,,1,+3.8,+6.5,,"","","colo"
185,"WC1_SPOT","L1","Test","NH3 Enhancement","2023/10/19","04:52.3",2460236.70299,108.0,6.7,40.3,108.0,,1,+3.3,+3.5,,"","","colo"
186,"WC1_SPOT","L1","Test","NH3 Enhancement","2023/10/19","04:52.3",2460236.70299,74.0,332.7,6.3,74.0,,1,+3.3,+3.5,,"","","colo"
187,"WC1_SPOT","K2","Test","NH3 Enhancement","2023/10/19","04:52.3",2460236.70299,36.0,294.7,328.3,36.0,,1,+3.3,+4.5,,"","","colo"
188,"DC1_SPOT","L2","Test","CH4 Deep Cloud","2023/10/19","04:52.3",2460236.70299,33.0,291.7,325.3,33.0,,1,+3.3,+8.5,,"","","colo"
189,"DC1_SPOT","L2","Test","CH4 Deep Cloud","2023/10/19","04:52.3",2460236.70299,78.0,336.7,10.3,78.0,,1,+3.3,+8.5,,"","","colo"
190,"WC1_SPOT","L2","Test","NH3 Enhancement","2023/10/19","05:21.2",2460236.72306,118.0,16.5,50.2,118.0,,1,+3.3,+4.5,,"","","colo"
191,"WC1_SPOT","L1","Test","NH3 Enhancement","2023/10/19","05:21.2",2460236.72306,76.0,334.5,8.2,76.0,,1,+3.3,+4.5,,"","","colo"
192,"DC1_SPOT","L2","Test","CH4 Deep Cloud","2023/10/19","05:21.2",2460236.72306,86.0,344.5,18.2,86.0,,1,+3.3,+5.5,,"","","colo"
193,"DC1_SPOT","L1","Test","CH4 Deep Cloud","2023/10/19","05:21.2",2460236.72306,117.0,15.5,49.2,117.0,,1,+3.3,+6.0,,"","","colo"
194,"DC1_SPOT","L1","Test","CH4 Deep Cloud","2023/10/19","05:21.2",2460236.72306,79.0,337.5,11.2,79.0,,1,+3.3,+7.5,,"","","colo"
195,"DC1_SPOT","L1","Test","CH4 Deep Cloud","2023/10/19","05:21.2",2460236.72306,95.0,353.5,27.2,95.0,,1,+3.3,+9.5,,"","","colo"
196,"WC1_SPOT","K2","Test","NH3 Enhancement","2023/10/22","04:11.2",2460239.67444,132.0,8.0,42.4,132.0,,1,+2.7,+2.5,,"","","colo"
197,"WC1_SPOT","K2","Test","NH3 Enhancement","2023/10/22","04:11.2",2460239.67444,173.0,49.0,83.4,173.0,,1,+2.7,+2.5,,"","","colo"
198,"WC1_SPOT","L1","Test","NH3 Enhancement","2023/10/22","04:11.2",2460239.67444,189.0,65.0,99.4,189.0,,1,+2.7,+3.5,,"","","colo"
199,"DC1_SPOT","L1","Test","CH4 Deep Cloud","2023/10/22","04:11.2",2460239.67444,145.0,21.0,55.4,145.0,,1,+2.7,+7.5,,"","","colo"
200,"DC1_SPOT","L1","Test","CH4 Deep Cloud","2023/10/22","04:11.2",2460239.67444,173.0,49.0,83.4,173.0,,1,+2.7,+7.5,,"","","colo"
201,"WC1_SPOT","L1","Test","NH3 Enhancement","2023/10/23","04:17.3",2460240.67868,319.0,187.3,222.0,319.0,,1,+2.5,+2.5,,"","","colo"
202,"WC1_SPOT","K2","Test","NH3 Enhancement","2023/10/23","04:17.3",2460240.67868,352.0,220.3,255.0,352.0,,1,+2.5,+2.5,,"","","colo"
203,"DC1_SPOT","L1","Test","CH4 Deep Cloud","2023/10/23","04:17.3",2460240.67868,298.0,166.3,201.0,298.0,,1,+2.5,+7.5,,"","","colo"
204,"DC1_SPOT","L1","Test","CH4 Deep Cloud","2023/10/23","04:17.3",2460240.67868,307.0,175.3,210.0,307.0,,1,+2.5,+7.5,,"","","colo"
205,"DC1_SPOT","L1","Test","CH4 Deep Cloud","2023/10/23","04:17.3",2460240.67868,332.0,200.3,235.0,332.0,,1,+2.5,+8.5,,"","","colo"
206,"WC1_SPOT","K2","Test","NH3 Enhancement","2023/10/23","04:51.0",2460240.70208,322.0,190.2,224.9,322.0,,1,+2.5,+2.5,,"","","colo"
207,"WC1_SPOT","K2","Test","NH3 Enhancement","2023/10/23","04:51.0",2460240.70208,352.0,220.2,254.9,352.0,,1,+2.5,+2.5,,"","","colo"
208,"WC1_SPOT","K2","Test","NH3 Enhancement","2023/10/23","04:51.0",2460240.70208,20.0,248.2,282.9,20.0,,1,+2.5,+2.5,,"","","colo"
209,"DC1_SPOT","L1","Test","CH4 Deep Cloud","2023/10/23","04:51.0",2460240.70208,309.0,177.2,211.9,309.0,,1,+2.5,+7.5,,"","","colo"
210,"DC1_SPOT","L1","Test","NH3 Enhancement","2023/10/23","04:51.0",2460240.70208,356.0,224.2,258.9,356.0,,1,+2.5,+7.5,,"","","colo"
211,"DC1_SPOT","L1","Test","CH4 Deep Cloud","2023/10/24","04:06.1",2460241.67090,120.0,340.8,15.7,120.0,,1,+2.3,+6.5,,"Quality Check","","colo"
212,"WC1_SPOT","L1","Test","NH3 Enhancement","2023/10/24","04:06.1",2460241.67090,121.0,341.8,16.7,121.0,,1,+2.3,+6.5,,"Quality Check","","colo"
213,"DC1_SPOT","L1","Test","CH4 Deep Cloud","2023/10/24","04:06.1",2460241.67090,76.0,296.8,331.7,76.0,,1,+2.3,+7.5,,"Quality Check","","colo"
214,"WC1_SPOT","K2","Test","NH3 Enhancement","2023/10/24","04:06.1",2460241.67090,78.0,298.8,333.7,78.0,,1,+2.3,+7.5,,"Quality Check","","colo"
215,"WC1_SPOT","L1","Test","NH3 Enhancement","2023/10/24","04:06.1",2460241.67090,103.0,323.8,358.7,103.0,,1,+2.3,+7.5,,"Quality Check","","colo"
216,"DC1_SPOT","L1","Test","CH4 Deep Cloud","2023/10/24","04:06.1",2460241.67090,103.0,323.8,358.7,103.0,,1,+2.3,+8.0,,"Quality Check","","colo"
217,"DC1_SPOT","L1","Test","CH4 Deep Cloud","2023/10/24","04:06.1",2460241.67090,146.0,6.8,41.7,146.0,,1,+2.3,+8.5,,"Quality Check","","colo"
218,"WC1_SPOT","L1","Test","NH3 Enhancement","2023/10/24","04:31.3",2460241.68840,133.0,353.6,28.6,133.0,,1,+2.3,+2.5,,"Quality Check","","colo"
219,"WC1_SPOT","K2","Test","NH3 Enhancement","2023/10/24","04:31.3",2460241.68840,166.0,26.6,61.6,166.0,,1,+2.3,+5.0,,"Quality Check","","colo"
220,"WC1_SPOT","L2","Test","NH3 Enhancement","2023/10/24","04:31.3",2460241.68840,119.0,339.6,14.6,119.0,,1,+2.3,+5.5,,"Quality Check","","colo"
221,"DC1_SPOT","L1","Test","CH4 Deep Cloud","2023/10/24","04:31.3",2460241.68840,138.0,358.6,33.6,138.0,,1,+2.3,+5.5,,"Quality Check","","colo"
222,"DC1_SPOT","L1","Test","CH4 Deep Cloud","2023/10/24","04:31.3",2460241.68840,122.0,342.6,17.6,122.0,,1,+2.3,+7.5,,"Quality Check","","colo"
223,"DC1_SPOT","L1","Test","CH4 Deep Cloud","2023/10/24","04:31.3",2460241.68840,103.0,323.6,358.6,103.0,,1,+2.3,+9.0,,"Quality Check","","colo"
224,"DC1_SPOT","L1","Test","CH4 Deep Cloud","2023/10/26","04:21.3",2460243.68146,81.0,286.4,321.9,81.0,,1,+1.8,+5.5,,"","","colo"
225,"WC1_SPOT","L1","Test","NH3 Enhancement","2023/10/26","04:21.3",2460243.68146,108.0,313.4,348.9,108.0,,1,+1.8,+5.5,,"","","colo"
226,"DC1_SPOT","L1","Test","CH4 Deep Cloud","2023/10/26","04:21.3",2460243.68146,97.0,302.4,337.9,97.0,,1,+1.8,+6.5,,"","","colo"
227,"DC1_SPOT","L1","Test","CH4 Deep Cloud","2023/10/26","04:21.3",2460243.68146,107.0,312.4,347.9,107.0,,1,+1.8,+8.0,,"","","colo"
228,"WC1_SPOT","L1","Test","NH3 Enhancement","2023/11/03","03:53.3",2460251.66201,281.0,65.5,103.2,281.0,,1,+0.0,+4.5,,"","","colo"
229,"WC1_SPOT","L1","Test","NH3 Enhancement","2023/11/03","03:53.3",2460251.66201,233.0,17.5,55.2,233.0,,1,+0.0,+6.0,,"","","colo"
230,"DC1_SPOT","L1","Test","CH4 Deep Cloud","2023/11/03","03:53.3",2460251.66201,234.0,18.5,56.2,234.0,,1,+0.0,+8.5,,"","","colo"
231,"WC1_SPOT","L2","Test","NH3 Enhancement","2023/11/07","03:05.6",2460255.62889,155.0,269.3,307.9,155.0,,1,-0.9,+3.5,,"","","colo"
232,"WC1_SPOT","K2","Test","NH3 Enhancement","2023/11/07","03:05.6",2460255.62889,123.0,237.3,275.9,123.0,,1,-0.9,+5.5,,"","","colo"
233,"DC1_SPOT","L1","Test","CH4 Deep Cloud","2023/11/07","03:05.6",2460255.62889,125.0,239.3,277.9,125.0,,1,-0.9,+8.5,,"","","colo"
234,"WC1_SPOT","K2","Test","NH3 Enhancement","2023/11/07","03:33.0",2460255.64792,121.0,235.1,273.8,121.0,,1,-0.9,+2.5,,"","","colo"
235,"WC1_SPOT","L2","Test","NH3 Enhancement","2023/11/07","03:33.0",2460255.64792,162.0,276.1,314.8,162.0,,1,-0.9,+3.5,,"","","colo"
236,"DC1_SPOT","L1","Test","CH4 Deep Cloud","2023/11/07","03:33.0",2460255.64792,127.0,241.1,279.8,127.0,,1,-0.9,+6.5,,"","","colo"
237,"DC1_SPOT","K2","Test","CH4 Deep Cloud","2023/11/07","03:33.0",2460255.64792,163.0,277.1,315.8,163.0,,1,-0.9,+6.5,,"","","colo"
238,"WC1_SPOT","L1","Test","NH3 Enhancement","2023/11/10","03:39.7",2460258.65257,280.0,11.2,50.7,280.0,,1,-1.6,+2.5,,"","","colo"
239,"WC1_SPOT","L1","Test","NH3 Enhancement","2023/11/10","03:39.7",2460258.65257,239.0,330.2,9.7,239.0,,1,-1.6,+4.0,,"","","colo"
240,"DC1_SPOT","L1","Test","CH4 Deep Cloud","2023/11/10","03:39.7",2460258.65257,297.0,28.2,67.7,297.0,,1,-1.6,+4.5,,"","","colo"
241,"WC1_SPOT","L1","Test","NH3 Enhancement","2023/11/10","03:39.7",2460258.65257,254.0,345.2,24.7,254.0,,1,-1.6,+4.5,,"","","colo"
242,"DC1_SPOT","L1","Test","CH4 Deep Cloud","2023/11/10","03:39.7",2460258.65257,272.0,3.2,42.7,272.0,,1,-1.6,+6.0,,"","","colo"
243,"DC1_SPOT","L2","Test","CH4 Deep Cloud","2023/11/10","03:39.7",2460258.65257,241.0,332.2,11.7,241.0,,1,-1.6,+6.5,,"","","colo"
244,"DC1_SPOT","L2","Test","CH4 Deep Cloud","2023/11/10","03:39.7",2460258.65257,256.0,347.2,26.7,256.0,,1,-1.6,+8.5,,"","","colo"
245,"WC1_SPOT","K2","Test","NH3 Enhancement","2023/11/10","04:06.3",2460258.67104,272.0,3.1,42.5,272.0,,1,-1.6,+2.5,,"","","colo"
246,"WC1_SPOT","L1","Test","NH3 Enhancement","2023/11/10","04:06.3",2460258.67104,298.0,29.1,68.5,298.0,,1,-1.6,+2.5,,"","","colo"
247,"DC1_SPOT","L1","Test","CH4 Deep Cloud","2023/11/10","04:06.3",2460258.67104,300.0,31.1,70.5,300.0,,1,-1.6,+3.0,,"","","colo"
248,"WC1_SPOT","L1","Test","NH3 Enhancement","2023/11/10","04:06.3",2460258.67104,239.0,330.1,9.5,239.0,,1,-1.6,+5.5,,"","","colo"
249,"DC1_SPOT","L2","Test","CH4 Deep Cloud","2023/11/10","04:06.3",2460258.67104,241.0,332.1,11.5,241.0,,1,-1.6,+6.0,,"","","colo"
250,"WC1_SPOT","K2","Test","NH3 Enhancement","2023/11/10","04:06.3",2460258.67104,254.0,345.1,24.5,254.0,,1,-1.6,+6.5,,"","","colo"
251,"DC1_SPOT","L2","Test","CH4 Deep Cloud","2023/11/10","04:06.3",2460258.67104,269.0,0.1,39.5,269.0,,1,-1.6,+7.0,,"","","colo"
252,"DC1_SPOT","L1","Test","CH4 Deep Cloud","2023/11/10","04:06.3",2460258.67104,291.0,22.1,61.5,291.0,,1,-1.6,+8.5,,"","","colo"
253,"DC1_SPOT","L1","Test","CH4 Deep Cloud","2023/11/10","04:06.3",2460258.67104,256.0,347.1,26.5,256.0,,1,-1.6,+9.5,,"","","colo"
254,"WC1_SPOT","K2","Test","NH3 Enhancement","2023/11/12","04:27.0",2460260.68542,273.0,348.7,28.7,273.0,,1,-2.0,+2.5,,"","","colo"
255,"WC1_SPOT","K2","Test","NH3 Enhancement","2023/11/12","04:27.0",2460260.68542,236.0,311.7,351.7,236.0,,1,-2.0,+3.5,,"","","colo"
256,"DC1_SPOT","L1","Test","CH4 Deep Cloud","2023/11/12","04:27.0",2460260.68542,239.0,314.7,354.7,239.0,,1,-2.0,+6.5,,"","","colo"
257,"DC1_SPOT","L1","Test","CH4 Deep Cloud","2023/11/12","04:27.0",2460260.68542,258.0,333.7,13.7,258.0,,1,-2.0,+7.5,,"","","colo"
258,"WC1_SPOT","K2","Test","NH3 Enhancement","2023/11/12","04:57.0",2460260.70625,274.0,349.5,29.6,274.0,,1,-2.0,+1.5,,"","","colo"
259,"WC1_SPOT","L1","Test","NH3 Enhancement","2023/11/12","04:57.0",2460260.70625,243.0,318.5,358.6,243.0,,1,-2.0,+2.5,,"","","colo"
260,"WC1_SPOT","K2","Test","NH3 Enhancement","2023/11/12","04:57.0",2460260.70625,256.0,331.5,11.6,256.0,,1,-2.0,+4.5,,"","","colo"
261,"DC1_SPOT","L2","Test","CH4 Deep Cloud","2023/11/12","04:57.0",2460260.70625,272.0,347.5,27.6,272.0,,1,-2.0,+6.5,,"","","colo"
262,"DC1_SPOT","L2","Test","CH4 Deep Cloud","2023/11/12","04:57.0",2460260.70625,258.0,333.5,13.6,258.0,,1,-2.0,+8.5,,"","","colo"
263,"DC1_SPOT","L2","Test","CH4 Deep Cloud","2023/11/12","04:57.0",2460260.70625,285.0,0.5,40.6,285.0,,1,-2.0,+9.5,,"","","colo"
264,"WC1_SPOT","K2","Test","NH3 Enhancement","2023/11/13","02:31.7",2460261.60535,307.0,15.7,55.9,307.0,,1,-2.2,+2.5,,"","","colo"
265,"WC1_SPOT","K2","Test","NH3 Enhancement","2023/11/13","02:31.7",2460261.60535,322.0,30.7,70.9,322.0,,1,-2.2,+2.5,,"","","colo"
266,"WC1_SPOT","L1","Test","NH3 Enhancement","2023/11/13","02:31.7",2460261.60535,349.0,57.7,97.9,349.0,,1,-2.2,+3.5,,"","","colo"
267,"DC1_SPOT","L1","Test","CH4 Deep Cloud","2023/11/13","02:31.7",2460261.60535,322.0,30.7,70.9,322.0,,1,-2.2,+7.5,,"","","colo"
268,"DC1_SPOT","L2","Test","CH4 Deep Cloud","2023/11/13","02:31.7",2460261.60535,341.0,49.7,89.9,341.0,,1,-2.2,+9.5,,"","","colo"
269,"DC1_SPOT","L1","Test","CH4 Deep Cloud","2023/11/13","02:31.7",2460261.60535,346.0,54.7,94.9,346.0,,1,-2.2,+9.5,,"","","colo"
270,"WC1_SPOT","K2","Test","NH3 Enhancement","2023/11/13","02:59.4",2460261.62458,344.0,52.5,92.8,344.0,,1,-2.2,+2.5,,"","","colo"
271,"WC1_SPOT","K2","Test","NH3 Enhancement","2023/11/13","02:59.4",2460261.62458,323.0,31.5,71.8,323.0,,1,-2.2,+3.5,,"","","colo"
272,"WC1_SPOT","K2","Test","NH3 Enhancement","2023/11/13","02:59.4",2460261.62458,9.0,77.5,117.8,9.0,,1,-2.2,+3.5,,"","","colo"
273,"WC1_SPOT","L2","Test","NH3 Enhancement","2023/11/13","02:59.4",2460261.62458,23.0,91.5,131.8,23.0,,1,-2.2,+3.5,,"","","colo"
274,"DC1_SPOT","K2","Test","CH4 Deep Cloud","2023/11/13","02:59.4",2460261.62458,325.0,33.5,73.8,325.0,,1,-2.2,+5.5,,"","","colo"
275,"DC1_SPOT","L2","Test","CH4 Deep Cloud","2023/11/13","02:59.4",2460261.62458,12.0,80.5,120.8,12.0,,1,-2.2,+6.5,,"","","colo"
276,"DC1_SPOT","L2","Test","CH4 Deep Cloud","2023/11/13","02:59.4",2460261.62458,338.0,46.5,86.8,338.0,,1,-2.2,+9.5,,"","","colo"
277,"DC1_SPOT","L1","Test","CH4 Deep Cloud","2023/11/13","02:59.4",2460261.62458,345.0,53.5,93.8,345.0,,1,-2.2,+9.5,,"","","colo"
278,"WC1_SPOT","L1","Test","NH3 Enhancement","2023/11/15","03:21.4",2460263.63986,308.0,1.1,42.0,308.0,,1,-2.7,+2.0,,"Quality Check","","colo"
279,"WC1_SPOT","L1","Test","NH3 Enhancement","2023/11/15","03:21.4",2460263.63986,326.0,19.1,60.0,326.0,,1,-2.7,+4.5,,"Quality Check","","colo"
280,"DC1_SPOT","L2","Test","CH4 Deep Cloud","2023/11/15","03:21.4",2460263.63986,323.0,16.1,57.0,323.0,,1,-2.7,+6.5,,"Quality Check","","colo"
281,"WC1_SPOT","K2","Test","NH3 Enhancement","2023/11/15","03:21.4",2460263.63986,346.0,39.1,80.0,346.0,,1,-2.7,+7.5,,"Quality Check","","colo"
282,"DC1_SPOT","L2","Test","CH4 Deep Cloud","2023/11/15","03:21.4",2460263.63986,344.0,37.1,78.0,344.0,,1,-2.7,+9.5,,"Quality Check","","colo"
283,"WC1_SPOT","L1","Test","NH3 Enhancement","2023/11/15","03:47.9",2460263.65826,325.0,18.0,58.8,325.0,,1,-2.7,+4.5,,"Quality Check","","colo"
284,"DC1_SPOT","L2","Test","CH4 Deep Cloud","2023/11/15","03:47.9",2460263.65826,323.0,16.0,56.8,323.0,,1,-2.7,+7.5,,"Quality Check","","colo"
285,"WC1_SPOT","L2","Test","NH3 Enhancement","2023/11/15","03:47.9",2460263.65826,346.0,39.0,79.8,346.0,,1,-2.7,+7.5,,"Quality Check","","colo"
286,"DC1_SPOT","L1","Test","CH4 Deep Cloud","2023/11/15","03:47.9",2460263.65826,344.0,37.0,77.8,344.0,,1,-2.7,+9.5,,"Quality Check","","colo"
287,"WC1_SPOT","L1","Test","NH3 Enhancement","2023/11/15","03:47.9",2460263.65826,8.0,61.0,101.8,8.0,,1,-2.7,+9.5,,"Quality Check","","colo"
288,"WC1_SPOT","L1","Test","NH3 Enhancement","2023/11/28","03:59.6",2460276.66639,214.0,167.8,212.0,214.0,,1,-5.4,+4.5,,"Quality Check","","colo"
289,"WC1_SPOT","L2","Test","NH3 Enhancement","2023/11/28","03:59.6",2460276.66639,248.0,201.8,246.0,248.0,,1,-5.4,+4.5,,"Quality Check","","colo"
290,"DC1_SPOT","L2","Test","CH4 Deep Cloud","2023/11/28","03:59.6",2460276.66639,217.0,170.8,215.0,217.0,,1,-5.4,+7.5,,"Quality Check","","colo"
291,"DC1_SPOT","L2","Test","CH4 Deep Cloud","2023/11/28","03:59.6",2460276.66639,248.0,201.8,246.0,248.0,,1,-5.4,+9.5,,"Quality Check","","colo"
292,"DC1_SPOT","L2","Test","NH3 Enhancement","2023/11/29","03:15.8",2460277.63597,24.0,330.4,14.9,24.0,,1,-5.6,+1.5,,"Quality Check","","colo"
293,"WC1_SPOT","L2","Test","NH3 Enhancement","2023/11/29","03:15.8",2460277.63597,350.0,296.4,340.9,350.0,,1,-5.6,+5.5,,"","","colo"
294,"DC1_SPOT","L1","Test","CH4 Deep Cloud","2023/11/29","03:15.8",2460277.63597,352.0,298.4,342.9,352.0,,1,-5.6,+7.0,,"","","colo"
295,"DC1_SPOT","L1","Test","CH4 Deep Cloud","2023/11/29","03:15.8",2460277.63597,46.0,352.4,36.9,46.0,,1,-5.6,+9.5,,"","","colo"
296,"WC1_SPOT","K2","Test","NH3 Enhancement","2023/11/29","03:44.9",2460277.65618,350.0,296.2,340.7,350.0,,1,-5.6,+3.5,,"","","colo"
297,"WC1_SPOT","K2","Test","NH3 Enhancement","2023/11/29","03:44.9",2460277.65618,39.0,345.2,29.7,39.0,,1,-5.6,+4.5,,"","","colo"
298,"DC1_SPOT","L2","Test","CH4 Deep Cloud","2023/11/29","03:44.9",2460277.65618,357.0,303.2,347.7,357.0,,1,-5.6,+7.5,,"","","colo"
299,"DC1_SPOT","L2","Test","CH4 Deep Cloud","2023/11/29","03:44.9",2460277.65618,46.0,352.2,36.7,46.0,,1,-5.6,+9.5,,"","","colo"
300,"WC1_SPOT","L1","Test","NH3 Enhancement","2023/11/29","04:12.6",2460277.67542,46.0,352.1,36.6,46.0,,1,-5.6,+3.5,,"","","colo"
301,"WC1_SPOT","K2","Test","NH3 Enhancement","2023/11/29","04:12.6",2460277.67542,80.0,26.1,70.6,80.0,,1,-5.6,+5.5,,"","","colo"
302,"DC1_SPOT","L1","Test","CH4 Deep Cloud","2023/11/29","04:12.6",2460277.67542,49.0,355.1,39.6,49.0,,1,-5.6,+7.0,,"","","colo"
303,"DC1_SPOT","L1","Test","CH4 Deep Cloud","2023/11/29","04:12.6",2460277.67542,78.0,24.1,68.6,78.0,,1,-5.6,+7.5,,"","","colo"
304,"DC1_SPOT","L1","Test","CH4 Deep Cloud","2023/11/29","04:12.6",2460277.67542,16.0,322.1,6.6,16.0,,1,-5.6,+9.0,,"","","colo"
305,"WC1_SPOT","L1","Test","NH3 Enhancement","2023/12/06","03:04.8",2460284.62833,8.0,261.0,307.4,8.0,,1,-6.9,+2.5,,"","","colo"
306,"WC1_SPOT","K2","Test","NH3 Enhancement","2023/12/06","03:04.8",2460284.62833,25.0,278.0,324.4,25.0,,1,-6.9,+4.5,,"","","colo"
307,"WC1_SPOT","L1","Test","NH3 Enhancement","2023/12/06","03:04.8",2460284.62833,39.0,292.0,338.4,39.0,,1,-6.9,+4.5,,"","","colo"
308,"WC1_SPOT","L1","Test","NH3 Enhancement","2023/12/06","03:04.8",2460284.62833,353.0,246.0,292.4,353.0,,1,-6.9,+5.5,,"","","colo"
309,"DC1_SPOT","L2","Test","CH4 Deep Cloud","2023/12/06","03:04.8",2460284.62833,352.0,245.0,291.4,352.0,,1,-6.9,+6.0,,"","","colo"
310,"DC1_SPOT","L2","Test","CH4 Deep Cloud","2023/12/06","03:04.8",2460284.62833,25.0,278.0,324.4,25.0,,1,-6.9,+7.5,,"","","colo"
311,"DC1_SPOT","L1","Test","CH4 Deep Cloud","2023/12/06","03:04.8",2460284.62833,41.0,294.0,340.4,41.0,,1,-6.9,+7.5,,"","","colo"
312,"DC1_SPOT","L1","Test","CH4 Deep Cloud","2023/12/06","03:04.8",2460284.62833,11.0,264.0,310.4,11.0,,1,-6.9,+9.5,,"","","colo"
313,"DC1_SPOT","L1","Test","CH4 Deep Cloud","2023/12/06","03:04.8",2460284.62833,57.0,310.0,356.4,57.0,,1,-6.9,+9.5,,"","","colo"
314,"WC1_SPOT","L1","Test","NH3 Enhancement","2023/12/06","03:30.2",2460284.64597,6.0,258.9,305.3,6.0,,1,-6.9,+3.5,,"","","colo"
315,"WC1_SPOT","K2","Test","NH3 Enhancement","2023/12/06","03:30.2",2460284.64597,29.0,281.9,328.3,29.0,,1,-6.9,+4.0,,"","","colo"
316,"WC1_SPOT","L1","Test","NH3 Enhancement","2023/12/06","03:30.2",2460284.64597,49.0,301.9,348.3,49.0,,1,-6.9,+4.0,,"","","colo"
317,"DC1_SPOT","L1","Test","CH4 Deep Cloud","2023/12/06","03:30.2",2460284.64597,26.0,278.9,325.3,26.0,,1,-6.9,+7.5,,"","","colo"
318,"DC1_SPOT","L1","Test","CH4 Deep Cloud","2023/12/06","03:30.2",2460284.64597,43.0,295.9,342.3,43.0,,1,-6.9,+8.5,,"","","colo"
319,"DC1_SPOT","L2","Test","CH4 Deep Cloud","2023/12/06","03:30.2",2460284.64597,80.0,332.9,19.3,80.0,,1,-6.9,+8.5,,"","","colo"
320,"WC1_SPOT","L1","Test","NH3 Enhancement","2023/12/06","03:30.2",2460284.64597,78.0,330.9,17.3,78.0,,1,-6.9,+5.5,,"","","colo"
